{"train/epoch":3,"_runtime":1805,"train_loss":0.3933071039056265,"train/loss":0.0507,"train/grad_norm":0.23724155128002167,"train_runtime":1810.4771,"train_steps_per_second":0.103,"total_flos":5.0347150147584e+13,"_step":18,"train_samples_per_second":0.205,"_wandb":{"runtime":1805},"train/learning_rate":1.129032258064516e-05,"train/global_step":186,"_timestamp":1.7652046097149363e+09}